rule,type,accuracy,severity,fixability,applicability,configuration,conflicts,total
AIR001,Stable,2,1,0,0,2,2,
AIR002,Stable,2,2,0,0,2,2,
AIR301,Stable,2,2,2,0,2,2,
AIR302,Stable,2,2,2,0,2,2,
AIR311,Stable,2,1,2,0,2,2,
AIR312,Stable,2,1,2,0,2,2,
ERA001,Stable,0,0,0,2,1,2,
FAST001,Stable,0,1,2,0,2,2,
FAST002,Stable,2,1,2,0,2,2,
FAST003,Stable,0,2,2,0,2,2,
YTT101,Stable,2,2,0,2,2,2,
YTT102,Stable,2,2,0,2,2,2,
YTT103,Stable,2,2,0,2,2,2,
YTT201,Stable,2,2,0,2,2,2,
YTT202,Stable,2,2,0,0,2,2,
YTT203,Stable,2,2,0,2,2,2,
YTT204,Stable,2,2,0,2,2,2,
YTT301,Stable,2,2,0,2,2,2,
YTT302,Stable,2,2,0,2,2,2,
YTT303,Stable,2,2,0,2,2,2,
ANN001,Stable,2,0,0,2,1,2,
ANN002,Stable,2,0,0,2,1,2,
ANN003,Stable,2,0,0,2,1,2,
ANN101,Removed,2,0,0,2,2,1,
ANN102,Removed,2,0,0,2,2,1,
ANN201,Stable,2,0,2,2,2,2,
ANN202,Stable,2,0,2,2,2,2,
ANN204,Stable,2,0,2,2,2,2,
ANN205,Stable,2,0,2,2,2,2,
ANN206,Stable,2,0,2,2,2,2,
ANN401,Stable,1,0,0,2,1,2,
ASYNC100,Stable,2,2,0,2,2,2,
ASYNC105,Stable,2,2,2,0,2,2,
ASYNC109,Stable,2,0,0,2,2,2,
ASYNC110,Stable,2,1,0,2,2,2,
ASYNC115,Stable,2,1,2,0,2,2,
ASYNC116,Stable,2,1,2,0,2,2,
ASYNC210,Stable,2,2,0,0,2,2,
ASYNC212,Preview,2,2,0,0,2,2,
ASYNC220,Stable,2,2,0,2,2,2,
ASYNC221,Stable,2,2,0,2,2,2,
ASYNC222,Stable,2,2,0,2,2,2,
ASYNC230,Stable,2,2,0,0,2,2,
ASYNC240,Preview,2,2,0,0,2,2,
ASYNC250,Preview,2,2,0,2,2,2,
ASYNC251,Stable,2,2,0,2,2,2,
S101,Stable,2,0,0,2,2,2,
S102,Stable,2,0,0,2,2,2,
S103,Stable,0,0,0,2,2,2,
S104,Stable,0,0,0,2,2,2,
S105,Stable,0,0,0,2,2,2,
S106,Stable,0,0,0,2,2,2,
S107,Stable,0,0,0,2,2,2,
S108,Stable,0,1,0,2,1,2,
S110,Stable,2,1,0,2,1,2,
S112,Stable,2,1,0,2,1,2,
S113,Stable,2,1,0,0,2,2,
S201,Stable,2,1,0,0,2,2,
S202,Stable,2,1,0,2,2,2,
S301,Stable,2,1,0,2,2,2,
S302,Stable,2,1,0,2,2,2,
S303,Stable,2,1,0,0,2,2,
S304,Stable,2,1,0,0,2,2,
S305,Stable,2,1,0,0,2,2,
S306,Stable,2,1,0,2,2,2,
S307,Stable,2,1,0,2,2,2,
S308,Stable,2,1,0,0,2,2,
S310,Stable,0,1,0,2,2,2,
S311,Stable,0,1,0,2,2,2,
S312,Stable,0,1,0,2,2,2,
S313,Stable,0,1,0,2,2,2,
S314,Stable,0,1,0,2,2,2,
S315,Stable,0,1,0,2,2,2,
S316,Stable,0,1,0,2,2,2,
S317,Stable,0,1,0,2,2,2,
S318,Stable,0,1,0,2,2,2,
S319,Stable,0,1,0,2,2,2,
S320,Removed,0,1,0,0,2,2,
S321,Stable,0,1,0,2,2,2,
S323,Stable,0,1,0,2,2,2,
S324,Stable,0,1,0,2,2,2,
S401,Preview,0,1,0,2,2,2,
S402,Preview,0,1,0,2,2,2,
S403,Preview,0,1,0,2,2,2,
S404,Preview,0,1,0,2,2,2,
S405,Preview,0,1,0,2,2,2,
S406,Preview,0,1,0,2,2,2,
S407,Preview,0,1,0,2,2,2,
S408,Preview,0,1,0,2,2,2,
S409,Preview,0,1,0,2,2,2,
S410,Removed,0,1,0,0,2,2,
S411,Preview,0,1,0,2,2,2,
S412,Preview,0,1,0,2,2,2,
S413,Preview,0,1,0,0,2,2,
S415,Preview,0,1,0,0,2,2,
S501,Stable,0,1,0,0,2,2,
S502,Stable,0,1,0,2,2,2,
S503,Stable,0,1,0,2,2,2,
S504,Stable,0,1,0,2,2,2,
S505,Stable,0,1,0,2,2,2,
S506,Stable,0,1,0,0,2,2,
S507,Stable,0,1,0,0,2,2,
S508,Stable,0,1,0,0,2,2,
S509,Stable,0,1,0,0,2,2,
S601,Stable,0,1,0,0,2,2,
S602,Stable,0,1,0,2,2,2,
S603,Stable,0,1,0,2,2,2,
S604,Stable,0,1,0,0,2,2,
S605,Stable,0,1,0,2,2,2,
S606,Stable,0,1,0,2,2,2,
S607,Stable,0,1,0,2,2,2,
S608,Stable,0,1,0,2,2,2,
S609,Stable,0,1,0,2,2,2,
S610,Stable,0,1,0,0,2,2,
S611,Stable,0,1,0,0,2,2,
S612,Stable,0,1,0,2,2,2,
S701,Stable,0,1,0,0,2,2,
S702,Stable,0,1,0,0,2,2,
S704,Stable,0,1,0,0,1,2,
BLE001,Stable,1,1,0,2,2,2,
FBT001,Stable,2,0,0,2,2,2,
FBT002,Stable,2,0,0,2,2,2,
FBT003,Stable,2,0,0,2,1,2,
B002,Stable,2,2,0,2,2,2,
B003,Stable,2,2,0,2,2,2,
B004,Stable,2,2,2,2,2,2,
B005,Stable,2,2,0,2,2,2,
B006,Stable,1,2,2,2,1,2,
B007,Stable,0,2,2,2,2,2,
B008,Stable,1,2,0,2,1,2,
B009,Stable,2,1,2,2,2,2,
B010,Stable,2,1,2,2,2,2,
B011,Stable,2,1,2,2,2,2,
B012,Stable,2,2,0,2,2,2,
B013,Stable,2,1,2,2,2,2,
B014,Stable,2,1,2,2,2,2,
B015,Stable,2,2,0,2,2,2,
B016,Stable,2,2,0,2,2,2,
B017,Stable,2,2,0,2,2,2,
B018,Stable,1,2,0,2,2,2,
B019,Stable,2,2,0,2,2,2,
B020,Stable,2,2,0,2,2,2,
B021,Stable,2,2,0,2,2,2,
B022,Stable,2,2,0,2,2,2,
B023,Stable,0,2,0,2,2,2,
B024,Stable,2,1,0,2,2,2,
B025,Stable,2,2,0,2,2,2,
B026,Stable,2,1,0,2,2,2,
B027,Stable,2,1,0,2,2,2,
B028,Stable,2,1,2,2,2,2,
B029,Stable,2,2,0,2,2,2,
B030,Stable,2,2,0,2,2,2,
B031,Stable,2,2,0,2,2,2,
B032,Stable,2,2,0,2,2,2,
B033,Stable,2,1,2,2,2,2,
B034,Stable,2,0,0,2,2,2,
B035,Stable,2,2,0,2,2,2,
B039,Stable,1,2,0,2,1,2,
B901,Preview,1,2,0,2,2,2,
B903,Preview,2,0,0,2,2,2,
B904,Stable,2,1,0,2,2,2,
B905,Stable,2,0,2,2,2,2,
B909,Preview,1,2,0,2,2,2,
B911,Stable,2,0,0,2,1,2,
B912,Preview,2,0,2,2,1,2,
A001,Stable,1,2,0,2,1,2,
A002,Stable,2,2,0,2,1,2,
A003,Stable,1,2,0,2,1,2,
A004,Stable,2,2,0,2,1,2,
A005,Stable,2,2,0,2,1,2,
A006,Stable,2,2,0,2,1,2,
COM812,Stable,2,0,2,2,2,1,
COM818,Stable,2,0,0,2,2,2,
COM819,Stable,2,0,2,2,2,1,
C400,Stable,2,1,2,2,2,2,
C401,Stable,2,1,2,2,2,2,
C402,Stable,2,1,2,2,2,2,
C403,Stable,2,1,2,2,2,2,
C404,Stable,2,1,2,2,2,2,
C405,Stable,2,1,2,2,2,2,
C406,Stable,2,1,2,2,2,2,
C408,Stable,2,1,2,2,1,2,
C409,Stable,2,1,2,2,2,2,
C410,Stable,2,1,2,2,2,2,
C411,Stable,2,1,2,2,2,2,
C413,Stable,2,1,2,2,2,2,
C414,Stable,2,1,2,2,2,2,
C415,Stable,2,1,0,2,2,2,
C416,Stable,1,1,2,2,2,2,
C417,Stable,2,1,2,2,2,2,
C418,Stable,2,1,2,2,2,2,
C419,Stable,2,1,2,2,2,2,
C420,Stable,2,1,2,2,2,2,
CPY001,Preview,2,0,0,2,1,2,
DTZ001,Stable,2,1,0,2,2,2,
DTZ002,Stable,2,1,0,2,2,2,
DTZ003,Stable,2,1,0,2,2,2,
DTZ004,Stable,2,1,0,2,2,2,
DTZ005,Stable,2,1,0,2,2,2,
DTZ006,Stable,2,1,0,2,2,2,
DTZ007,Stable,2,1,0,2,2,2,
DTZ011,Stable,2,1,0,2,2,2,
DTZ012,Stable,2,1,0,2,2,2,
DTZ901,Stable,2,1,0,2,2,2,
T100,Stable,2,2,0,2,2,2,
DJ001,Stable,2,1,0,0,2,2,
DJ003,Stable,2,1,0,0,2,2,
DJ006,Stable,1,1,0,0,2,2,
DJ007,Stable,2,1,0,0,2,2,
DJ008,Stable,1,1,0,0,2,2,
DJ012,Stable,1,0,0,0,2,2,
DJ013,Stable,2,1,0,0,2,2,
EM101,Stable,2,1,2,2,1,2,
EM102,Stable,2,1,2,2,2,2,
EM103,Stable,2,1,2,2,2,2,
EXE001,Stable,2,2,0,2,2,2,
EXE002,Stable,2,2,0,2,2,2,
EXE003,Stable,2,2,0,2,2,2,
EXE004,Stable,2,2,2,2,2,2,
EXE005,Stable,2,2,0,2,2,2,
FIX001,Stable,2,0,0,2,2,2,
FIX002,Stable,2,0,0,2,2,2,
FIX003,Stable,2,0,0,2,2,2,
FIX004,Stable,2,0,0,2,2,2,
FA100,Stable,2,0,2,2,1,2,
FA102,Stable,2,0,2,2,1,2,
INT001,Stable,2,2,0,2,1,2,
INT002,Stable,2,2,0,2,1,2,
INT003,Stable,2,2,0,2,1,2,
ISC001,Stable,2,0,2,2,2,2,
ISC002,Stable,2,0,0,2,1,1,
ISC003,Stable,2,0,2,2,1,2,
ISC004,Preview,2,0,2,2,2,2,
ICN001,Stable,2,0,2,2,1,2,
ICN002,Stable,2,0,0,2,0,2,
ICN003,Stable,2,0,0,2,0,2,
LOG001,Stable,2,2,2,2,2,2,
LOG002,Stable,2,1,2,2,2,2,
LOG004,Preview,1,1,2,2,1,2,
LOG007,Stable,2,1,0,2,1,2,
LOG009,Stable,2,1,2,2,2,2,
LOG014,Stable,0,1,2,2,1,2,
LOG015,Stable,2,1,0,2,2,2,
G001,Stable,0,1,0,2,1,2,
G002,Stable,0,1,0,2,1,2,
G003,Stable,0,1,0,2,1,2,
G004,Stable,0,1,2,2,1,2,
G010,Stable,0,1,2,2,1,2,
G101,Stable,0,2,0,2,1,2,
G201,Stable,0,1,0,2,1,2,
G202,Stable,0,1,0,2,1,2,
INP001,Stable,1,0,0,2,1,2,
PIE790,Stable,2,0,2,2,2,2,
PIE794,Stable,2,2,2,2,2,2,
PIE796,Stable,2,2,0,2,2,2,
PIE800,Stable,2,1,2,2,2,2,
PIE804,Stable,2,1,2,2,2,2,
PIE807,Stable,2,1,2,2,2,2,
PIE808,Stable,2,1,2,2,2,2,
PIE810,Stable,2,1,2,2,2,2,
T201,Stable,2,0,2,2,2,2,
T203,Stable,2,0,2,2,2,2,
PYI001,Stable,2,0,0,1,2,2,
PYI002,Stable,2,1,0,1,2,2,
PYI003,Stable,2,2,0,1,2,2,
PYI004,Stable,2,2,0,1,2,2,
PYI005,Stable,2,2,0,1,2,2,
PYI006,Stable,2,2,0,2,2,2,
PYI007,Stable,2,1,0,1,2,2,
PYI008,Stable,2,1,0,1,2,2,
PYI009,Stable,2,0,2,1,2,2,
PYI010,Stable,2,1,2,1,2,2,
PYI011,Stable,2,0,2,1,2,2,
PYI012,Stable,2,0,2,1,2,2,
PYI013,Stable,2,0,2,2,2,2,
PYI014,Stable,2,0,2,1,2,2,
PYI015,Stable,2,0,2,1,2,2,
PYI016,Stable,2,2,2,2,2,2,
PYI017,Stable,2,1,0,1,2,2,
PYI018,Stable,2,2,2,2,2,2,
PYI019,Stable,2,1,2,2,1,2,
PYI020,Stable,2,1,2,1,2,2,
PYI021,Stable,2,1,2,1,2,2,
PYI024,Stable,2,0,0,2,2,2,
PYI025,Stable,2,0,2,2,2,2,
PYI026,Stable,2,0,2,1,1,2,
PYI029,Stable,1,1,2,1,2,2,
PYI030,Stable,2,1,2,2,2,2,
PYI032,Stable,2,1,2,2,2,2,
PYI033,Stable,2,1,0,1,2,2,
PYI034,Stable,1,1,1,2,1,2,
PYI035,Stable,2,2,0,1,2,2,
PYI036,Stable,1,1,2,2,2,2,
PYI041,Stable,2,1,2,2,2,2,
PYI042,Stable,2,1,0,2,2,2,
PYI043,Stable,2,1,0,2,2,2,
PYI044,Stable,2,1,2,1,2,2,
PYI045,Stable,2,1,0,2,2,2,
PYI046,Stable,2,2,0,2,2,2,
PYI047,Stable,2,2,0,2,2,2,
PYI048,Stable,2,1,0,1,2,2,
PYI049,Stable,2,2,0,2,2,2,
PYI050,Stable,2,0,0,2,2,2,
PYI051,Stable,2,1,0,2,2,2,
PYI052,Stable,2,1,0,1,2,2,
PYI053,Stable,2,0,2,1,2,2,
PYI054,Stable,2,0,2,1,2,2,
PYI055,Stable,2,0,2,2,2,2,
PYI056,Stable,2,1,0,2,2,2,
PYI057,Stable,2,2,0,2,2,2,
PYI058,Stable,2,1,2,2,2,2,
PYI059,Stable,2,2,2,2,2,2,
PYI061,Stable,2,1,2,2,2,2,
PYI062,Stable,2,2,2,2,2,2,
PYI063,Stable,2,1,0,2,2,2,
PYI064,Stable,2,1,2,2,2,2,
PYI066,Stable,2,1,0,1,2,2,
PT001,Stable,2,0,2,1,1,2,
PT002,Stable,2,0,0,1,2,2,
PT003,Stable,2,0,2,1,2,2,
PT004,Removed,2,0,0,1,2,2,
PT005,Removed,2,0,0,1,2,2,
PT006,Stable,2,0,2,1,1,2,
PT007,Stable,2,0,2,1,1,2,
PT008,Stable,2,0,0,1,2,2,
PT009,Stable,2,1,2,2,2,2,
PT010,Stable,2,2,0,1,2,2,
PT011,Stable,2,1,0,1,1,2,
PT012,Stable,2,2,0,1,2,2,
PT013,Stable,2,0,0,1,2,2,
PT014,Stable,2,2,2,1,2,2,
PT015,Stable,2,1,0,1,2,2,
PT016,Stable,2,1,0,1,2,2,
PT017,Stable,2,1,0,1,2,2,
PT018,Stable,2,1,2,1,2,2,
PT019,Stable,0,1,0,1,2,2,
PT020,Stable,2,2,0,1,2,2,
PT021,Stable,2,1,0,1,2,2,
PT022,Stable,2,1,2,1,2,2,
PT023,Stable,2,0,2,1,1,2,
PT024,Stable,2,1,2,1,2,2,
PT025,Stable,2,2,2,1,2,2,
PT026,Stable,2,2,2,1,2,2,
PT027,Stable,2,1,2,2,2,2,
PT028,Stable,2,2,0,1,2,2,
PT029,Preview,2,2,0,1,2,2,
PT030,Stable,2,1,0,1,1,2,
PT031,Stable,2,2,0,1,2,2,
Q000,Stable,2,0,2,2,1,1,
Q001,Stable,2,0,2,2,1,1,
Q002,Stable,2,0,2,2,1,1,
Q003,Stable,2,1,2,2,1,1,
Q004,Stable,2,1,2,2,2,1,
RSE102,Stable,2,0,2,2,2,2,
RET501,Stable,2,0,2,2,2,2,
RET502,Stable,2,0,2,2,2,2,
RET503,Stable,1,0,2,2,2,2,
RET504,Stable,1,0,2,2,2,2,
RET505,Stable,1,0,2,2,2,2,
RET506,Stable,1,0,2,2,2,2,
RET507,Stable,1,0,2,2,2,2,
RET508,Stable,1,0,2,2,2,2,
SLF001,Stable,0,1,0,2,1,2,
SIM101,Stable,2,1,2,2,2,2,
SIM102,Stable,2,1,2,2,1,2,
SIM103,Stable,2,1,2,2,2,2,
SIM105,Stable,2,0,2,2,2,2,
SIM107,Stable,2,2,0,2,2,2,
SIM108,Stable,2,0,2,2,1,2,
SIM109,Stable,2,0,2,2,2,2,
SIM110,Stable,2,1,2,2,1,2,
SIM112,Stable,2,0,2,2,2,2,
SIM113,Stable,2,1,0,2,2,2,
SIM114,Stable,2,1,2,2,2,2,
SIM115,Stable,2,1,0,2,2,2,
SIM116,Stable,2,0,0,2,2,2,
SIM117,Stable,2,1,2,2,1,2,
SIM118,Stable,1,1,2,2,2,2,
SIM201,Stable,2,1,2,2,2,2,
SIM202,Stable,2,1,2,2,2,2,
SIM208,Stable,2,1,2,2,2,2,
SIM210,Stable,2,1,2,2,2,2,
SIM211,Stable,2,1,2,2,2,2,
SIM212,Stable,2,1,2,2,2,2,
SIM220,Stable,2,1,2,2,2,2,
SIM221,Stable,2,1,2,2,2,2,
SIM222,Stable,2,1,2,2,2,2,
SIM223,Stable,2,1,2,2,2,2,
SIM300,Stable,2,0,2,2,2,2,
SIM401,Stable,2,1,2,2,1,2,
SIM905,Stable,2,1,2,2,2,2,
SIM910,Stable,2,1,2,2,2,2,
SIM911,Stable,2,1,2,2,2,2,
SLOT000,Stable,2,1,0,2,2,2,
SLOT001,Stable,2,1,0,2,2,2,
SLOT002,Stable,2,1,0,2,2,2,
TID251,Stable,2,0,0,2,0,2,
TID252,Stable,1,1,2,2,1,2,
TID253,Stable,2,0,0,2,0,2,
TD001,Stable,2,0,0,2,2,2,
TD002,Stable,2,0,0,2,2,2,
TD003,Stable,1,0,0,2,2,2,
TD004,Stable,2,0,0,2,2,2,
TD005,Stable,1,0,0,2,2,2,
TD006,Stable,2,0,2,2,2,2,
TD007,Stable,2,0,0,2,2,2,
TC001,Stable,1,1,2,2,1,2,
TC002,Stable,1,1,2,2,1,2,
TC003,Stable,2,1,2,2,1,2,
TC004,Stable,2,2,2,2,1,2,
TC005,Stable,2,1,2,2,2,2,
TC006,Stable,2,0,2,2,2,2,
TC007,Stable,2,2,2,2,2,2,
TC008,Preview,1,1,2,2,2,2,
TC010,Stable,2,2,0,2,2,2,
ARG001,Stable,2,2,0,2,1,2,
ARG002,Stable,2,2,0,2,1,2,
ARG003,Stable,2,2,0,2,1,2,
ARG004,Stable,2,2,0,2,1,2,
ARG005,Stable,2,2,0,2,1,2,
PTH100,Stable,2,1,2,2,2,2,
PTH101,Stable,2,1,2,2,2,2,
PTH102,Stable,2,1,2,2,2,2,
PTH103,Stable,2,1,2,2,2,2,
PTH104,Stable,2,1,2,2,2,2,
PTH105,Stable,2,1,2,2,2,2,
PTH106,Stable,2,1,2,2,2,2,
PTH107,Stable,2,1,2,2,2,2,
PTH108,Stable,2,1,2,2,2,2,
PTH109,Stable,2,1,2,2,2,2,
PTH110,Stable,2,1,2,2,2,2,
PTH111,Stable,2,1,2,2,2,2,
PTH112,Stable,2,1,2,2,2,2,
PTH113,Stable,2,1,2,2,2,2,
PTH114,Stable,2,1,2,2,2,2,
PTH115,Stable,2,1,2,2,2,2,
PTH116,Stable,2,1,0,2,2,2,
PTH117,Stable,2,1,2,2,2,2,
PTH118,Stable,2,1,0,2,2,2,
PTH119,Stable,2,1,2,2,2,2,
PTH120,Stable,2,1,2,2,2,2,
PTH121,Stable,2,1,2,2,2,2,
PTH122,Stable,2,1,0,2,2,2,
PTH123,Stable,2,1,2,2,2,2,
PTH124,Stable,2,2,0,0,2,2,
PTH201,Stable,2,1,2,2,2,2,
PTH202,Stable,2,1,2,2,2,2,
PTH203,Stable,2,1,2,2,2,2,
PTH204,Stable,2,1,2,2,2,2,
PTH205,Stable,2,1,2,2,2,2,
PTH206,Stable,2,1,0,2,2,2,
PTH207,Stable,2,1,0,2,2,2,
PTH208,Stable,2,1,0,2,2,2,
PTH210,Stable,2,2,2,2,2,2,
PTH211,Stable,2,1,2,2,2,2,
FLY002,Stable,2,1,2,2,2,2,
I001,Stable,1,0,2,2,1,2,
I002,Stable,2,0,2,2,0,2,
C901,Stable,2,0,0,2,1,2,
NPY001,Stable,2,2,2,0,2,2,
NPY002,Stable,2,2,0,0,2,2,
NPY003,Stable,2,2,2,0,2,2,
NPY201,Stable,2,2,2,0,2,2,
N801,Stable,2,1,0,2,1,2,
N802,Stable,2,1,0,2,1,2,
N803,Stable,2,1,0,2,1,2,
N804,Stable,2,1,2,2,1,2,
N805,Stable,2,1,2,2,1,2,
N806,Stable,2,1,0,2,1,2,
N807,Stable,2,1,0,2,1,2,
N811,Stable,2,1,0,2,1,2,
N812,Stable,2,1,0,2,1,2,
N813,Stable,2,1,0,2,1,2,
N814,Stable,2,1,0,2,1,2,
N815,Stable,2,1,0,2,1,2,
N816,Stable,2,1,0,2,1,2,
N817,Stable,2,1,0,2,1,2,
N818,Stable,2,1,0,2,1,2,
N999,Stable,2,1,0,2,1,2,
PD002,Stable,1,1,2,0,2,2,
PD003,Stable,1,0,0,0,2,2,
PD004,Stable,1,0,0,0,2,2,
PD007,Stable,1,2,0,0,2,2,
PD008,Stable,1,1,0,0,2,2,
PD009,Stable,1,1,0,0,2,2,
PD010,Stable,1,1,0,0,2,2,
PD011,Stable,1,1,0,0,2,2,
PD012,Stable,2,1,0,0,2,2,
PD013,Stable,1,1,0,0,2,2,
PD015,Stable,2,1,0,0,2,2,
PD101,Stable,1,1,0,0,2,2,
PD901,Removed,0,0,0,0,2,2,
PERF101,Stable,2,1,2,2,2,2,
PERF102,Stable,2,1,2,2,2,2,
PERF203,Stable,2,1,0,2,1,2,
PERF401,Stable,2,1,2,2,2,2,
PERF402,Stable,2,1,0,2,2,2,
PERF403,Stable,2,1,2,2,2,2,
E101,Stable,2,0,0,2,2,1,
E111,Preview,2,1,0,2,1,1,
E112,Preview,2,2,0,2,2,2,
E113,Preview,2,2,0,2,2,2,
E114,Preview,2,1,0,2,1,1,
E115,Preview,2,1,0,2,2,1,
E116,Preview,2,1,0,2,2,1,
E117,Preview,2,1,0,2,2,1,
E201,Preview,2,1,2,2,2,1,
E202,Preview,2,1,2,2,2,1,
E203,Preview,2,1,2,2,2,1,
E204,Preview,2,1,2,2,2,1,
E211,Preview,2,1,2,2,2,1,
E221,Preview,2,1,2,2,2,1,
E222,Preview,2,1,2,2,2,1,
E223,Preview,2,1,2,2,2,1,
E224,Preview,2,1,2,2,2,1,
E225,Preview,2,1,2,2,2,1,
E226,Preview,2,1,2,2,2,1,
E227,Preview,2,1,2,2,2,1,
E228,Preview,2,1,2,2,2,1,
E231,Preview,2,1,2,2,2,1,
E241,Preview,2,1,2,2,2,1,
E242,Preview,2,1,2,2,2,1,
E251,Preview,2,1,2,2,2,1,
E252,Preview,2,1,2,2,2,1,
E261,Preview,2,1,2,2,2,1,
E262,Preview,2,1,2,2,2,1,
E265,Preview,2,1,2,2,2,1,
E266,Preview,2,1,2,2,2,2,
E271,Preview,2,1,2,2,2,1,
E272,Preview,2,1,2,2,2,1,
E273,Preview,2,1,2,2,2,1,
E274,Preview,2,1,2,2,2,1,
E275,Preview,2,1,2,2,2,1,
E301,Preview,2,1,2,2,2,1,
E302,Preview,2,1,2,2,1,1,
E303,Preview,2,1,2,2,1,1,
E304,Preview,2,1,2,2,2,1,
E305,Preview,2,1,2,2,2,1,
E306,Preview,2,1,2,2,2,1,
E401,Stable,2,1,2,2,2,2,
E402,Stable,2,1,0,2,2,2,
E501,Stable,2,1,0,2,1,1,
E502,Preview,2,1,2,2,2,1,
E701,Stable,2,1,0,2,2,1,
E702,Stable,2,1,0,2,2,1,
E703,Stable,2,1,2,2,2,1,
E711,Stable,2,1,2,2,2,2,
E712,Stable,2,1,2,2,2,2,
E713,Stable,2,1,2,2,2,2,
E714,Stable,2,1,2,2,2,2,
E721,Stable,2,1,0,2,2,2,
E722,Stable,2,2,0,2,2,2,
E731,Stable,2,1,1,2,2,2,
E741,Stable,2,1,0,2,2,2,
E742,Stable,2,1,0,2,2,2,
E743,Stable,2,1,0,2,2,2,
E902,Stable,2,2,0,2,2,2,
E999,Removed,2,2,0,2,2,2,
W191,Stable,2,1,0,2,2,0,
W291,Stable,2,1,2,2,2,1,
W292,Stable,2,1,2,2,2,1,
W293,Stable,2,1,2,2,2,1,
W391,Preview,2,1,2,2,2,1,
W505,Stable,2,1,0,2,1,2,
W605,Stable,2,2,2,2,2,2,
DOC102,Preview,2,0,0,2,1,2,
DOC201,Preview,2,0,0,2,1,2,
DOC202,Preview,2,0,0,2,1,2,
DOC402,Preview,2,0,0,2,1,2,
DOC403,Preview,2,0,0,2,1,2,
DOC501,Preview,2,0,0,2,1,2,
DOC502,Preview,1,0,0,2,1,2,
D100,Stable,2,0,0,2,1,2,
D101,Stable,2,0,0,2,1,2,
D102,Stable,2,0,0,2,1,2,
D103,Stable,2,0,0,2,1,2,
D104,Stable,2,0,0,2,1,2,
D105,Stable,2,0,0,2,1,2,
D106,Stable,2,0,0,2,1,2,
D107,Stable,2,0,0,2,1,2,
D200,Stable,2,0,2,2,1,2,
D201,Stable,2,0,2,2,1,2,
D202,Stable,2,0,2,2,1,2,
D203,Stable,2,0,2,2,1,2,
D204,Stable,2,0,2,2,1,2,
D205,Stable,2,0,2,2,1,2,
D206,Stable,2,0,0,2,1,0,
D207,Stable,2,0,2,2,1,1,
D208,Stable,2,0,2,2,1,1,
D209,Stable,2,0,2,2,1,2,
D210,Stable,2,0,2,2,1,1,
D211,Stable,2,0,2,2,1,1,
D212,Stable,2,0,2,2,1,2,
D213,Stable,2,0,2,2,1,2,
D214,Stable,2,0,2,1,1,2,
D215,Stable,2,0,2,1,1,2,
D300,Stable,2,0,2,2,1,1,
D301,Stable,2,0,2,2,1,2,
D400,Stable,2,0,2,2,1,2,
D401,Stable,2,0,0,2,1,2,
D402,Stable,2,0,0,2,1,2,
D403,Stable,2,0,2,2,1,2,
D404,Stable,2,0,0,2,1,2,
D405,Stable,2,0,2,1,1,2,
D406,Stable,2,0,2,1,1,2,
D407,Stable,2,0,2,1,1,2,
D408,Stable,2,0,2,1,1,2,
D409,Stable,2,0,2,1,1,2,
D410,Stable,2,0,2,1,1,2,
D411,Stable,2,0,2,1,1,2,
D412,Stable,2,0,2,1,1,2,
D413,Stable,2,0,2,1,1,2,
D414,Stable,2,0,0,1,1,2,
D415,Stable,2,0,2,2,1,2,
D416,Stable,2,0,2,1,1,2,
D417,Stable,2,0,0,1,1,2,
D418,Stable,2,0,0,2,1,2,
D419,Stable,2,0,0,2,1,2,
F401,Stable,2,2,2,2,1,2,
F402,Stable,2,2,0,2,2,2,
F403,Stable,2,2,0,2,2,2,
F404,Stable,2,2,0,2,2,2,
F405,Stable,2,2,0,2,2,2,
F406,Stable,2,2,0,2,2,2,
F407,Stable,2,2,0,2,2,2,
F501,Stable,2,2,0,2,2,2,
F502,Stable,2,2,0,2,2,2,
F503,Stable,2,2,0,2,2,2,
F504,Stable,2,2,2,2,2,2,
F505,Stable,2,2,0,2,2,2,
F506,Stable,2,2,0,2,2,2,
F507,Stable,2,2,0,2,2,2,
F508,Stable,2,2,0,2,2,2,
F509,Stable,2,2,0,2,2,2,
F521,Stable,2,2,0,2,2,2,
F522,Stable,2,2,2,2,2,2,
F523,Stable,2,2,2,2,2,2,
F524,Stable,2,2,0,2,2,2,
F525,Stable,2,2,0,2,2,2,
F541,Stable,2,1,2,2,2,2,
F601,Stable,2,2,2,2,2,2,
F602,Stable,2,2,2,2,2,2,
F621,Stable,2,2,0,2,2,2,
F622,Stable,2,2,0,2,2,2,
F631,Stable,2,2,0,2,2,2,
F632,Stable,2,2,2,2,2,2,
F633,Stable,2,2,0,2,2,2,
F634,Stable,2,2,0,2,2,2,
F701,Stable,2,2,0,2,2,2,
F702,Stable,2,2,0,2,2,2,
F704,Stable,2,2,0,2,2,2,
F706,Stable,2,2,0,2,2,2,
F707,Stable,2,2,0,2,2,2,
F722,Stable,2,1,0,2,2,2,
F811,Stable,2,2,2,2,1,2,
F821,Stable,2,2,0,2,1,2,
F822,Stable,2,2,0,2,2,2,
F823,Stable,2,2,0,2,2,2,
F841,Stable,2,2,2,2,1,2,
F842,Stable,2,2,0,2,1,2,
F901,Stable,2,1,2,2,2,2,
PGH001,Removed,2,1,0,2,2,2,
PGH002,Removed,2,1,2,2,2,2,
PGH003,Stable,2,1,0,2,2,2,
PGH004,Stable,2,1,2,2,2,2,
PGH005,Stable,1,2,0,2,2,2,
PLC0105,Stable,2,0,0,2,2,2,
PLC0131,Stable,2,2,0,2,2,2,
PLC0132,Stable,2,2,0,2,2,2,
PLC0205,Stable,2,2,0,2,2,2,
PLC0206,Stable,2,1,0,2,2,2,
PLC0207,Preview,2,1,2,2,2,2,
PLC0208,Stable,2,1,2,2,2,2,
PLC0414,Stable,2,1,2,2,1,2,
PLC0415,Stable,2,1,0,2,1,2,
PLC1802,Stable,2,1,2,2,2,2,
PLC1901,Preview,0,1,0,2,2,2,
PLC2401,Stable,2,1,0,2,2,2,
PLC2403,Stable,2,1,0,2,2,2,
PLC2701,Preview,2,1,0,2,1,2,
PLC2801,Preview,2,1,2,2,2,2,
PLC3002,Stable,2,1,0,2,2,2,
PLE0100,Stable,2,2,0,2,2,2,
PLE0101,Stable,2,2,0,2,2,2,
PLE0115,Stable,2,2,0,2,2,2,
PLE0116,Stable,2,2,0,2,2,2,
PLE0117,Stable,2,2,0,2,2,2,
PLE0118,Stable,2,2,0,2,2,2,
PLE0237,Stable,1,2,0,2,2,2,
PLE0241,Stable,2,2,2,2,2,2,
PLE0302,Stable,2,2,0,2,2,2,
PLE0303,Stable,2,2,0,2,2,2,
PLE0304,Preview,2,2,0,2,2,2,
PLE0305,Stable,2,2,0,2,2,2,
PLE0307,Stable,2,2,0,2,2,2,
PLE0308,Stable,2,2,0,2,2,2,
PLE0309,Stable,2,2,0,2,2,2,
PLE0604,Stable,2,2,0,2,2,2,
PLE0605,Stable,2,2,0,2,2,2,
PLE0643,Stable,2,2,0,2,2,2,
PLE0704,Stable,2,2,0,2,2,2,
PLE1132,Stable,2,2,0,2,2,2,
PLE1141,Preview,1,2,2,2,2,2,
PLE1142,Stable,2,2,0,2,2,2,
PLE1205,Stable,2,2,0,2,1,2,
PLE1206,Stable,2,2,0,2,1,2,
PLE1300,Stable,2,2,0,2,2,2,
PLE1307,Stable,2,2,0,2,2,2,
PLE1310,Stable,2,2,0,2,2,2,
PLE1507,Stable,2,2,0,2,2,2,
PLE1519,Stable,2,1,2,2,1,2,
PLE1520,Stable,2,1,2,2,2,2,
PLE1700,Stable,2,2,0,2,2,2,
PLE2502,Stable,2,2,0,2,2,2,
PLE2510,Stable,2,2,2,2,2,2,
PLE2512,Stable,2,2,2,2,2,2,
PLE2513,Stable,2,2,2,2,2,2,
PLE2514,Stable,2,2,2,2,2,2,
PLE2515,Stable,2,2,2,2,2,2,
PLE4703,Preview,1,2,2,2,2,2,
PLR0124,Stable,2,2,0,2,2,2,
PLR0133,Stable,2,2,0,2,2,2,
PLR0202,Preview,2,1,2,2,2,2,
PLR0203,Preview,2,1,2,2,2,2,
PLR0206,Stable,2,2,0,2,1,2,
PLR0402,Stable,2,1,2,2,1,2,
PLR0904,Preview,2,0,0,2,1,2,
PLR0911,Stable,2,0,0,2,1,2,
PLR0912,Stable,2,0,0,2,1,2,
PLR0913,Stable,2,0,0,2,1,2,
PLR0914,Preview,2,0,0,2,1,2,
PLR0915,Stable,2,0,0,2,1,2,
PLR0916,Preview,2,0,0,2,1,2,
PLR0917,Preview,2,0,0,2,1,2,
PLR1701,Removed,2,1,2,2,1,2,
PLR1702,Preview,2,0,0,2,1,2,
PLR1704,Stable,2,2,0,2,1,2,
PLR1706,Removed,2,1,0,2,2,2,
PLR1708,Preview,2,1,0,2,2,2,
PLR1711,Stable,2,1,2,2,2,2,
PLR1714,Stable,2,1,2,2,2,2,
PLR1716,Stable,2,1,2,2,2,2,
PLR1722,Stable,2,2,2,2,2,2,
PLR1730,Stable,2,1,2,2,2,2,
PLR1733,Stable,2,1,2,2,2,2,
PLR1736,Stable,2,1,2,2,2,2,
PLR2004,Stable,1,1,0,2,1,2,
PLR2044,Stable,2,1,2,2,2,2,
PLR5501,Stable,2,1,2,2,2,2,
PLR6104,Preview,1,1,2,2,2,2,
PLR6201,Preview,1,1,2,2,2,2,
PLR6301,Preview,1,1,0,2,1,2,
PLW0108,Preview,2,1,2,2,2,2,
PLW0120,Stable,2,2,2,2,2,2,
PLW0127,Stable,2,2,0,2,2,2,
PLW0128,Stable,2,2,0,2,1,2,
PLW0129,Stable,2,2,0,2,2,2,
PLW0131,Stable,2,2,0,2,2,2,
PLW0133,Stable,2,2,2,2,2,2,
PLW0177,Stable,2,2,0,2,2,2,
PLW0211,Stable,2,1,0,2,1,2,
PLW0244,Preview,1,1,0,2,2,2,
PLW0245,Stable,2,2,2,2,1,2,
PLW0406,Stable,2,2,0,2,2,2,
PLW0602,Stable,2,2,0,2,2,2,
PLW0603,Stable,2,1,0,2,2,2,
PLW0604,Stable,2,2,0,2,2,2,
PLW0642,Stable,2,1,0,2,1,2,
PLW0711,Stable,2,2,0,2,2,2,
PLW1501,Stable,2,2,0,2,2,2,
PLW1507,Stable,2,2,2,2,2,2,
PLW1508,Stable,2,2,0,2,2,2,
PLW1509,Stable,2,2,0,2,2,2,
PLW1510,Stable,2,2,2,2,2,2,
PLW1514,Preview,2,1,2,2,2,2,
PLW1641,Stable,2,1,0,2,2,2,
PLW2101,Stable,2,2,0,2,2,2,
PLW2901,Stable,2,2,0,2,1,2,
PLW3201,Preview,2,2,0,2,1,2,
PLW3301,Stable,2,1,2,2,2,2,
UP001,Stable,2,1,2,2,2,2,
UP003,Stable,2,1,2,2,2,2,
UP004,Stable,2,1,2,2,2,2,
UP005,Stable,2,2,2,2,2,2,
UP006,Stable,2,1,2,2,1,2,
UP007,Stable,2,1,2,2,1,2,
UP008,Stable,2,1,2,2,2,2,
UP009,Stable,2,1,2,2,2,2,
UP010,Stable,2,1,2,2,1,2,
UP011,Stable,2,1,2,2,2,2,
UP012,Stable,2,1,2,2,2,2,
UP013,Stable,2,1,2,2,2,2,
UP014,Stable,2,1,2,2,2,2,
UP015,Stable,2,1,2,2,2,2,
UP017,Stable,2,1,2,2,1,2,
UP018,Stable,2,1,2,2,2,2,
UP019,Stable,2,2,2,2,2,2,
UP020,Stable,2,1,2,2,2,2,
UP021,Stable,2,2,2,2,2,2,
UP022,Stable,2,1,2,2,2,2,
UP023,Stable,2,2,2,2,2,2,
UP024,Stable,2,2,2,2,2,2,
UP025,Stable,2,1,2,2,2,2,
UP026,Stable,2,2,2,0,1,2,
UP027,Removed,2,0,0,2,2,2,
UP028,Stable,2,1,2,2,2,2,
UP029,Stable,2,1,2,2,1,2,
UP030,Stable,2,1,2,2,2,2,
UP031,Stable,2,1,2,2,2,2,
UP032,Stable,2,1,2,2,2,2,
UP033,Stable,2,1,2,2,2,2,
UP034,Stable,2,1,2,2,2,2,
UP035,Stable,2,2,2,2,2,2,
UP036,Stable,2,2,2,2,0,2,
UP037,Stable,1,1,2,2,1,2,
UP038,Removed,2,0,2,2,1,2,
UP039,Stable,2,1,2,2,2,2,
UP040,Stable,2,1,2,2,1,2,
UP041,Stable,2,2,2,2,1,2,
UP042,Preview,2,1,2,2,1,2,
UP043,Stable,2,1,2,2,1,2,
UP044,Stable,2,1,2,2,1,2,
UP045,Stable,2,1,2,2,1,2,
UP046,Stable,2,1,2,2,1,2,
UP047,Stable,2,1,2,2,1,2,
UP049,Stable,2,1,1,2,2,2,
UP050,Stable,2,1,2,2,2,2,
FURB101,Preview,2,1,2,2,2,2,
FURB103,Preview,2,1,2,2,2,2,
FURB105,Stable,2,1,2,2,2,2,
FURB110,Preview,2,1,2,2,2,2,
FURB113,Preview,2,1,2,2,2,2,
FURB116,Stable,2,1,1,2,2,2,
FURB118,Preview,2,1,2,2,2,2,
FURB122,Stable,2,1,2,2,2,2,
FURB129,Stable,2,1,2,2,2,2,
FURB131,Preview,2,1,2,2,2,2,
FURB132,Stable,2,1,2,2,2,2,
FURB136,Stable,2,1,2,2,2,2,
FURB140,Preview,2,1,2,2,2,2,
FURB142,Preview,2,1,2,2,2,2,
FURB145,Preview,2,1,2,2,2,2,
FURB148,Preview,2,1,2,2,2,2,
FURB152,Preview,2,2,2,2,2,2,
FURB154,Preview,2,1,2,2,2,1,
FURB156,Preview,2,1,2,2,2,2,
FURB157,Stable,2,1,2,2,2,2,
FURB161,Stable,2,1,2,2,1,2,
FURB162,Stable,2,1,2,2,2,2,
FURB163,Stable,2,2,2,2,2,2,
FURB164,Preview,2,1,2,2,2,2,
FURB166,Stable,2,1,2,2,2,2,
FURB167,Stable,2,1,2,2,2,2,
FURB168,Stable,2,1,2,2,2,2,
FURB169,Stable,2,1,2,2,2,2,
FURB171,Preview,2,1,2,2,2,2,
FURB177,Stable,2,1,2,2,2,2,
FURB180,Preview,2,1,2,2,2,2,
FURB181,Stable,2,1,2,2,2,2,
FURB187,Stable,2,1,2,2,2,2,
FURB188,Stable,2,1,2,2,2,2,
FURB189,Preview,2,2,2,2,2,2,
FURB192,Preview,2,1,2,2,2,2,
RUF001,Stable,2,2,0,2,1,2,
RUF002,Stable,2,2,0,2,1,2,
RUF003,Stable,2,2,0,2,1,2,
RUF005,Stable,2,1,2,2,2,2,
RUF006,Stable,1,2,0,2,2,2,
RUF007,Stable,2,1,2,2,2,2,
RUF008,Stable,1,2,0,2,2,2,
RUF009,Stable,1,2,0,2,1,2,
RUF010,Stable,2,1,2,2,2,2,
RUF011,Removed,2,2,0,2,2,2,
RUF012,Stable,1,2,0,2,2,2,
RUF013,Stable,2,1,2,2,1,2,
RUF015,Stable,2,1,2,2,2,2,
RUF016,Stable,2,2,0,2,2,2,
RUF017,Stable,2,1,2,2,2,2,
RUF018,Stable,2,2,0,2,2,2,
RUF019,Stable,2,1,2,2,2,2,
RUF020,Stable,2,1,2,2,2,2,
RUF021,Stable,2,1,2,2,2,2,
RUF022,Stable,2,0,2,2,2,2,
RUF023,Stable,2,0,2,2,2,2,
RUF024,Stable,1,2,2,2,2,2,
RUF026,Stable,2,2,2,2,2,2,
RUF027,Preview,2,2,2,2,1,2,
RUF028,Stable,2,2,2,2,2,2,
RUF029,Preview,2,2,0,2,2,2,
RUF030,Stable,2,2,2,2,2,2,
RUF031,Preview,2,0,2,2,1,2,
RUF032,Stable,2,1,2,2,2,2,
RUF033,Stable,2,2,2,2,2,2,
RUF034,Stable,2,2,0,2,2,2,
RUF035,Removed,1,1,0,0,1,0,
RUF036,Preview,2,1,0,2,2,2,
RUF037,Preview,2,1,2,2,2,2,
RUF038,Preview,2,1,2,2,2,2,
RUF039,Preview,2,1,2,2,2,2,
RUF040,Stable,2,2,0,2,2,2,
RUF041,Stable,2,1,2,2,2,2,
RUF043,Stable,2,1,0,1,2,2,
RUF045,Preview,2,2,0,2,1,2,
RUF046,Stable,2,1,2,2,2,2,
RUF047,Preview,2,1,2,2,2,2,
RUF048,Stable,2,2,0,2,2,2,
RUF049,Stable,2,2,0,2,2,2,
RUF051,Stable,2,1,2,2,2,2,
RUF052,Preview,2,1,2,2,1,2,
RUF053,Stable,2,2,2,2,2,2,
RUF054,Preview,2,2,0,2,2,1,
RUF055,Preview,2,1,2,2,2,2,
RUF056,Preview,2,1,2,2,2,2,
RUF057,Stable,2,1,2,2,2,2,
RUF058,Stable,2,1,2,2,2,2,
RUF059,Stable,2,2,2,2,1,2,
RUF060,Preview,2,2,0,2,2,2,
RUF061,Preview,2,1,2,1,2,2,
RUF063,Preview,2,2,0,2,1,2,
RUF064,Preview,2,2,2,2,2,2,
RUF065,Preview,2,1,0,2,1,2,
RUF066,Preview,2,2,0,2,2,2,
RUF100,Stable,2,2,2,2,1,2,
RUF101,Stable,2,2,2,2,2,2,
RUF102,Preview,2,2,2,2,1,2,
RUF103,Preview,2,2,2,2,2,2,
RUF104,Preview,2,2,0,2,2,2,
RUF200,Stable,2,2,0,2,2,2,
TRY002,Stable,2,1,0,2,2,2,
TRY003,Stable,2,1,0,2,2,2,
TRY004,Stable,2,1,0,2,2,2,
TRY200,Removed,2,1,0,2,2,2,
TRY201,Stable,2,1,2,2,2,2,
TRY203,Stable,2,1,0,2,2,2,
TRY300,Stable,2,2,0,2,2,2,
TRY301,Stable,2,1,0,2,2,2,
TRY400,Stable,2,1,2,2,1,2,
TRY401,Stable,2,1,0,2,1,2,
